loan_id,loan_amount,term,interest_rate,grade,employment_length,home_ownership,annual_income,loan_status
LOAN000001,16795,36 months,19.87,E,6 years,OWN,37643.89,Current
LOAN000002,1860,36 months,8.22,D,9 years,OWN,43151.88,Fully Paid
LOAN000003,77820,60 months,21.36,C,3 years,OTHER,40803.05,Current
LOAN000004,55886,36 months,21.64,F,9 years,MORTGAGE,41088.55,Fully Paid
LOAN000005,7265,60 months,15.15,G,7 years,MORTGAGE,58357.06,Current
LOAN000006,83386,60 months,5.13,C,8 years,RENT,28330.45,Current
LOAN000007,38194,36 months,10.74,C,6 years,OTHER,49258.77,Late (31-120 days)
LOAN000008,88498,60 months,17.34,A,4 years,RENT,101354.04,Current
LOAN000009,45131,60 months,24.62,D,7 years,MORTGAGE,94699.28,Current
LOAN000010,61263,60 months,17.64,E,3 years,RENT,38503.62,Current
LOAN000011,17023,36 months,10.2,B,1 year,MORTGAGE,98746.15,Fully Paid
LOAN000012,42090,60 months,17.68,B,10+ years,MORTGAGE,11006.82,Current
LOAN000013,68221,60 months,15.8,C,5 years,RENT,142874.33,Default
LOAN000014,65820,60 months,20.6,D,8 years,RENT,109009.4,Current
LOAN000015,1769,36 months,7.14,G,< 1 year,OWN,53208.04,Current
LOAN000016,60735,60 months,20.22,G,10+ years,OWN,81472.8,Fully Paid
LOAN000017,63955,36 months,15.83,F,9 years,OWN,27972.42,Fully Paid
LOAN000018,65925,36 months,24.26,A,6 years,MORTGAGE,71813.28,Late (31-120 days)
LOAN000019,68969,36 months,11.84,D,9 years,RENT,64490.11,Charged Off
LOAN000020,6311,36 months,17.65,D,8 years,OTHER,44957.1,Current
LOAN000021,84104,36 months,23.64,A,9 years,MORTGAGE,55943.28,Current
LOAN000022,54707,36 months,7.05,G,8 years,OTHER,52990.38,Current
LOAN000023,86305,60 months,23.74,G,9 years,RENT,36047.9,Fully Paid
LOAN000024,29693,36 months,18.76,G,10+ years,MORTGAGE,44255.58,Late (31-120 days)
LOAN000025,72932,60 months,6.36,C,2 years,OTHER,26744.67,Current
LOAN000026,94016,60 months,11.02,D,10+ years,OTHER,95719.92,Current
LOAN000027,26658,36 months,19.16,B,4 years,OWN,42036.62,Current
LOAN000028,85478,60 months,6.35,A,7 years,OWN,33339.37,Late (31-120 days)
LOAN000029,19431,60 months,16.64,G,7 years,OWN,95245.14,Current
LOAN000030,3747,60 months,11.92,F,3 years,MORTGAGE,81088.61,Current
LOAN000031,60150,60 months,17.42,G,10+ years,RENT,94135.03,Current
LOAN000032,66725,36 months,5.91,G,10+ years,RENT,97482.5,Late (31-120 days)
LOAN000033,85654,60 months,22.43,E,< 1 year,OWN,128123.65,Fully Paid
LOAN000034,36773,36 months,24.47,C,< 1 year,OWN,65318.81,Fully Paid
LOAN000035,68435,60 months,24.38,A,3 years,OWN,26271.77,Current
LOAN000036,57886,60 months,19.99,E,5 years,OTHER,78131.13,Current
LOAN000037,67803,36 months,7.6,E,7 years,OWN,49929.86,Fully Paid
LOAN000038,32551,60 months,20.17,F,5 years,OTHER,41274.84,Charged Off
LOAN000039,12394,60 months,5.49,D,8 years,RENT,72997.76,Current
LOAN000040,70092,60 months,5.44,F,8 years,MORTGAGE,95972.58,Current
LOAN000041,4890,36 months,11.47,D,1 year,MORTGAGE,44920.15,Current
LOAN000042,42606,60 months,14.77,D,9 years,MORTGAGE,108231.64,Current
LOAN000043,97276,36 months,20.41,A,< 1 year,MORTGAGE,40311.58,Late (31-120 days)
LOAN000044,81038,60 months,18.67,G,1 year,OTHER,62682.9,Current
LOAN000045,88313,36 months,13.92,A,4 years,OTHER,81589.24,Current
LOAN000046,11627,36 months,10.47,C,3 years,OWN,58363.02,Current
LOAN000047,9792,60 months,24.94,D,3 years,OTHER,16719.93,Current
LOAN000048,74969,60 months,13.52,E,8 years,OWN,97822.22,Current
LOAN000049,44001,36 months,14.03,G,10+ years,OWN,51296.07,Current
LOAN000050,77552,36 months,8.27,B,7 years,MORTGAGE,92346.95,Current
LOAN000051,24897,60 months,20.9,C,5 years,OTHER,32075.68,Fully Paid
LOAN000052,69148,36 months,18.87,A,< 1 year,OTHER,37196.9,Current
LOAN000053,24483,60 months,9.42,F,1 year,OWN,95873.0,Current
LOAN000054,49555,60 months,6.65,C,5 years,OWN,80215.24,Charged Off
LOAN000055,18159,60 months,18.61,C,10+ years,RENT,56842.43,Fully Paid
LOAN000056,81077,60 months,18.09,G,1 year,RENT,80650.95,Fully Paid
LOAN000057,36920,36 months,10.47,C,9 years,OWN,41378.83,Current
LOAN000058,93067,60 months,24.02,C,4 years,RENT,73307.77,Current
LOAN000059,68121,36 months,8.02,B,4 years,RENT,73856.62,Current
LOAN000060,70479,60 months,13.65,F,5 years,OWN,58786.55,Current
LOAN000061,90475,36 months,23.87,F,5 years,OWN,44941.43,Current
LOAN000062,20457,60 months,13.39,F,5 years,OTHER,72107.46,Default
LOAN000063,67557,36 months,17.77,D,1 year,OWN,68350.57,Current
LOAN000064,78189,36 months,12.95,E,9 years,OWN,56025.34,Current
LOAN000065,79953,60 months,10.48,F,2 years,MORTGAGE,38985.57,Current
LOAN000066,53995,60 months,24.68,C,5 years,OTHER,70374.31,Current
LOAN000067,41757,60 months,13.19,C,7 years,OTHER,56100.33,Fully Paid
LOAN000068,10692,60 months,22.88,F,10+ years,OTHER,38960.27,Current
LOAN000069,46758,36 months,9.6,G,< 1 year,MORTGAGE,71305.89,Fully Paid
LOAN000070,73409,60 months,9.26,F,< 1 year,OWN,118249.16,Charged Off
LOAN000071,72211,36 months,5.62,C,10+ years,OTHER,58995.17,Current
LOAN000072,66697,36 months,18.03,D,1 year,OTHER,114933.3,Current
LOAN000073,38065,60 months,12.37,A,10+ years,RENT,133429.95,Default
LOAN000074,93093,36 months,22.29,A,5 years,OTHER,41397.43,Fully Paid
LOAN000075,33606,36 months,14.46,F,8 years,OWN,70271.33,Current
LOAN000076,12534,36 months,24.36,B,3 years,OWN,133111.96,Default
LOAN000077,95663,36 months,8.71,F,2 years,RENT,66367.6,Current
LOAN000078,41397,60 months,22.37,G,7 years,OTHER,71104.36,Default
LOAN000079,92387,60 months,20.53,F,10+ years,OTHER,19899.84,Current
LOAN000080,2016,60 months,20.42,A,9 years,OTHER,54050.14,Current
LOAN000081,90789,60 months,21.9,C,8 years,MORTGAGE,86667.66,Late (31-120 days)
LOAN000082,56591,36 months,20.22,F,10+ years,OTHER,142878.48,Current
LOAN000083,90812,36 months,17.52,C,4 years,OWN,64119.79,Current
LOAN000084,24247,60 months,7.62,C,8 years,OWN,20121.21,Current
LOAN000085,25300,60 months,5.65,B,1 year,MORTGAGE,27842.52,Charged Off
LOAN000086,75065,60 months,23.42,C,2 years,MORTGAGE,68926.31,Late (31-120 days)
LOAN000087,83798,36 months,17.33,A,6 years,OTHER,105316.2,Fully Paid
LOAN000088,10268,60 months,20.93,D,6 years,RENT,89120.61,Current
LOAN000089,87807,60 months,14.63,D,5 years,MORTGAGE,83807.68,Late (31-120 days)
LOAN000090,13185,60 months,7.35,E,5 years,MORTGAGE,109274.33,Current
LOAN000091,64704,36 months,7.5,G,1 year,OTHER,48393.13,Current
LOAN000092,87779,36 months,18.71,F,9 years,OTHER,70572.84,Fully Paid
LOAN000093,40099,36 months,13.61,G,5 years,MORTGAGE,54388.54,Current
LOAN000094,9571,36 months,9.01,A,3 years,RENT,61856.33,Current
LOAN000095,39044,36 months,14.83,C,2 years,MORTGAGE,39811.92,Current
LOAN000096,52214,36 months,6.28,D,10+ years,OTHER,59680.72,Current
LOAN000097,62228,36 months,16.64,G,1 year,OTHER,69168.53,Late (31-120 days)
LOAN000098,49984,36 months,10.38,A,< 1 year,MORTGAGE,58855.86,Current
LOAN000099,41774,60 months,20.95,D,10+ years,RENT,65168.15,Fully Paid
LOAN000100,3568,60 months,11.21,C,10+ years,MORTGAGE,82151.22,Current
LOAN000101,63592,36 months,14.1,G,4 years,MORTGAGE,107160.87,Current
LOAN000102,68563,36 months,5.23,D,1 year,OTHER,109334.68,Current
LOAN000103,3695,60 months,6.45,F,1 year,RENT,92842.65,Fully Paid
LOAN000104,49190,36 months,12.85,F,6 years,OWN,32200.56,Fully Paid
LOAN000105,6258,36 months,14.6,E,7 years,RENT,59187.7,Default
LOAN000106,88538,36 months,17.0,E,9 years,MORTGAGE,61771.45,Fully Paid
LOAN000107,40504,60 months,10.83,D,7 years,MORTGAGE,50285.51,Current
LOAN000108,34159,60 months,18.9,A,3 years,MORTGAGE,80270.54,Fully Paid
LOAN000109,14986,60 months,22.2,F,< 1 year,RENT,22170.15,Default
LOAN000110,62858,60 months,20.6,A,10+ years,OTHER,120806.99,Fully Paid
LOAN000111,13666,60 months,5.79,A,6 years,MORTGAGE,105856.62,Current
LOAN000112,39660,36 months,14.61,D,< 1 year,MORTGAGE,84346.07,Current
LOAN000113,4561,60 months,7.1,A,10+ years,RENT,68136.72,Fully Paid
LOAN000114,27854,36 months,9.84,F,3 years,OWN,106865.18,Fully Paid
LOAN000115,65505,36 months,24.73,C,7 years,OWN,90682.15,Current
LOAN000116,53251,60 months,7.85,E,1 year,OTHER,103199.13,Late (31-120 days)
LOAN000117,23662,60 months,14.98,C,5 years,OTHER,68228.44,Charged Off
LOAN000118,9392,36 months,17.36,A,5 years,MORTGAGE,123679.39,Current
LOAN000119,31535,36 months,19.05,C,8 years,RENT,105006.64,Late (31-120 days)
LOAN000120,79603,36 months,16.19,F,4 years,MORTGAGE,85286.09,Current
LOAN000121,53256,60 months,5.2,F,9 years,OTHER,107679.19,Current
LOAN000122,90135,60 months,11.53,A,3 years,RENT,57425.14,Current
LOAN000123,36222,60 months,15.35,D,4 years,RENT,34974.99,Current
LOAN000124,78373,60 months,6.76,C,9 years,OTHER,79646.52,Late (31-120 days)
LOAN000125,80575,60 months,12.01,D,10+ years,OWN,68287.29,Current
LOAN000126,97354,36 months,5.66,D,4 years,OWN,64068.48,Current
LOAN000127,85651,60 months,6.57,B,7 years,RENT,106489.36,Current
LOAN000128,64335,36 months,12.94,A,9 years,MORTGAGE,75014.18,Current
LOAN000129,11965,36 months,7.65,E,7 years,OWN,77907.07,Current
LOAN000130,25538,36 months,16.35,F,1 year,MORTGAGE,60188.42,Fully Paid
LOAN000131,71592,60 months,18.79,F,6 years,OWN,96433.69,Current
LOAN000132,99018,60 months,21.01,A,7 years,OWN,91056.27,Late (31-120 days)
LOAN000133,9110,60 months,9.0,G,10+ years,MORTGAGE,96209.79,Late (31-120 days)
LOAN000134,80309,36 months,8.35,G,5 years,OTHER,55082.08,Current
LOAN000135,28266,36 months,7.09,G,4 years,OWN,109122.65,Late (31-120 days)
LOAN000136,53992,36 months,17.73,E,10+ years,OWN,125163.05,Current
LOAN000137,83948,36 months,19.13,F,8 years,MORTGAGE,95261.15,Current
LOAN000138,99806,36 months,5.63,A,2 years,OTHER,45721.35,Current
LOAN000139,7910,36 months,23.72,F,9 years,OWN,45933.93,Current
LOAN000140,91982,60 months,6.04,D,3 years,OWN,58738.69,Current
LOAN000141,1206,60 months,15.83,C,8 years,OTHER,53068.68,Fully Paid
LOAN000142,88054,60 months,19.18,C,5 years,OWN,67867.22,Current
LOAN000143,88897,60 months,22.42,F,7 years,OTHER,88973.27,Fully Paid
LOAN000144,24419,36 months,19.28,B,6 years,OTHER,78698.57,Current
LOAN000145,51636,36 months,21.03,E,10+ years,MORTGAGE,76068.67,Fully Paid
LOAN000146,51015,60 months,11.79,G,1 year,RENT,62763.92,Current
LOAN000147,55268,36 months,21.3,E,2 years,OTHER,67784.62,Current
LOAN000148,88939,60 months,6.6,E,< 1 year,MORTGAGE,93897.27,Current
LOAN000149,19141,60 months,22.9,D,8 years,RENT,9641.26,Current
LOAN000150,81356,60 months,15.95,E,6 years,OWN,69658.29,Current
LOAN000151,72910,36 months,21.35,C,< 1 year,RENT,78639.63,Late (31-120 days)
LOAN000152,57044,60 months,14.05,D,2 years,OTHER,93507.49,Current
LOAN000153,68214,60 months,17.87,A,3 years,OTHER,39698.62,Fully Paid
LOAN000154,34827,60 months,15.53,E,3 years,OTHER,38112.71,Fully Paid
LOAN000155,56820,36 months,19.63,E,4 years,OTHER,87518.65,Late (31-120 days)
LOAN000156,63623,36 months,6.63,A,2 years,OTHER,12866.43,Current
LOAN000157,82734,60 months,6.21,E,2 years,MORTGAGE,109965.67,Current
LOAN000158,76450,36 months,9.94,A,< 1 year,OTHER,76797.76,Default
LOAN000159,94426,36 months,8.19,D,6 years,MORTGAGE,116761.64,Fully Paid
LOAN000160,23299,36 months,22.44,C,10+ years,OWN,37387.83,Current
LOAN000161,44585,36 months,9.38,A,9 years,OTHER,56909.22,Current
LOAN000162,65044,36 months,24.52,B,< 1 year,OTHER,-2236.05,Current
LOAN000163,43557,36 months,11.74,A,1 year,RENT,46129.31,Current
LOAN000164,50080,36 months,8.64,E,3 years,OWN,64484.59,Fully Paid
LOAN000165,3693,36 months,20.79,G,3 years,OTHER,11118.77,Current
LOAN000166,96003,36 months,18.17,G,4 years,OTHER,58161.2,Current
LOAN000167,96259,36 months,14.96,D,10+ years,OWN,10379.79,Current
LOAN000168,70163,60 months,16.11,F,1 year,MORTGAGE,62276.19,Current
LOAN000169,26939,60 months,19.38,D,3 years,OTHER,104413.36,Fully Paid
LOAN000170,49925,36 months,9.57,F,< 1 year,RENT,68950.61,Late (31-120 days)
LOAN000171,43941,60 months,24.93,G,1 year,OTHER,119746.22,Current
LOAN000172,22834,60 months,24.5,G,< 1 year,RENT,93588.78,Late (31-120 days)
LOAN000173,19047,36 months,18.01,A,9 years,RENT,110444.44,Current
LOAN000174,27105,36 months,8.99,C,9 years,OTHER,47051.64,Current
LOAN000175,76766,36 months,18.6,B,3 years,OTHER,46325.75,Current
LOAN000176,16707,60 months,6.44,D,3 years,RENT,80368.4,Current
LOAN000177,22976,60 months,5.61,E,6 years,OWN,22668.94,Current
LOAN000178,45262,36 months,10.15,F,9 years,OWN,84134.31,Current
LOAN000179,24776,36 months,14.25,E,10+ years,OTHER,60282.41,Late (31-120 days)
LOAN000180,31080,36 months,22.37,C,10+ years,MORTGAGE,109899.91,Current
LOAN000181,67842,60 months,19.54,F,8 years,OWN,90385.37,Fully Paid
LOAN000182,62373,60 months,19.85,D,8 years,OTHER,102901.19,Current
LOAN000183,7776,60 months,13.51,A,4 years,OWN,47373.82,Default
LOAN000184,93787,60 months,11.92,E,9 years,MORTGAGE,101446.31,Fully Paid
LOAN000185,56016,36 months,12.42,C,< 1 year,OTHER,113341.37,Current
LOAN000186,10474,36 months,24.75,D,< 1 year,MORTGAGE,68838.59,Fully Paid
LOAN000187,59053,36 months,5.8,G,5 years,OTHER,47819.48,Current
LOAN000188,22959,36 months,22.34,G,1 year,MORTGAGE,48346.38,Fully Paid
LOAN000189,6530,60 months,16.57,D,7 years,OWN,107170.39,Current
LOAN000190,95856,60 months,13.77,D,8 years,OWN,150530.37,Fully Paid
LOAN000191,4748,36 months,19.51,D,3 years,MORTGAGE,40550.65,Fully Paid
LOAN000192,98504,36 months,14.73,F,4 years,MORTGAGE,38244.4,Current
LOAN000193,99098,60 months,22.47,D,10+ years,MORTGAGE,97642.43,Current
LOAN000194,14545,36 months,23.01,E,7 years,OTHER,47382.59,Late (31-120 days)
LOAN000195,67199,60 months,13.43,C,2 years,OWN,100550.66,Current
LOAN000196,35766,36 months,10.54,F,4 years,OTHER,83960.39,Current
LOAN000197,74530,36 months,16.85,D,2 years,OWN,69280.68,Current
LOAN000198,94557,36 months,23.25,B,9 years,RENT,83238.15,Current
LOAN000199,62087,36 months,9.21,B,2 years,OTHER,81405.95,Charged Off
LOAN000200,96839,36 months,17.46,C,2 years,OWN,64611.81,Current
LOAN000201,69840,36 months,17.63,G,6 years,OWN,17309.17,Current
LOAN000202,55384,36 months,19.66,A,6 years,OTHER,75359.52,Fully Paid
LOAN000203,52005,60 months,7.63,A,6 years,OTHER,117191.81,Late (31-120 days)
LOAN000204,47576,60 months,19.32,G,9 years,OWN,21736.94,Current
LOAN000205,40353,60 months,23.18,F,7 years,OTHER,41026.45,Current
LOAN000206,63003,60 months,8.59,F,4 years,MORTGAGE,82804.81,Default
LOAN000207,84211,60 months,9.75,F,4 years,OTHER,71157.76,Fully Paid
LOAN000208,53733,36 months,24.43,A,3 years,OTHER,82335.46,Current
LOAN000209,66318,36 months,8.62,B,6 years,OTHER,49020.45,Current
LOAN000210,90474,60 months,22.09,A,9 years,OWN,104873.75,Current
LOAN000211,24664,36 months,14.85,E,3 years,MORTGAGE,71407.02,Current
LOAN000212,68172,60 months,9.94,D,1 year,RENT,90909.57,Current
LOAN000213,86616,60 months,22.41,F,3 years,RENT,79608.32,Late (31-120 days)
LOAN000214,94264,36 months,13.91,B,7 years,MORTGAGE,75264.85,Current
LOAN000215,27736,36 months,15.3,C,8 years,MORTGAGE,88805.01,Fully Paid
LOAN000216,95209,36 months,12.18,C,2 years,MORTGAGE,75594.64,Current
LOAN000217,1854,60 months,16.86,D,6 years,OWN,34294.03,Fully Paid
LOAN000218,91084,36 months,8.27,B,8 years,RENT,102620.7,Fully Paid
LOAN000219,39623,60 months,12.82,A,10+ years,MORTGAGE,94543.82,Current
LOAN000220,8392,60 months,24.39,A,3 years,OWN,6794.49,Current
LOAN000221,56680,60 months,10.16,E,9 years,RENT,50373.99,Current
LOAN000222,47717,36 months,18.13,E,2 years,OTHER,101270.81,Late (31-120 days)
LOAN000223,88092,36 months,11.5,A,4 years,OWN,15192.14,Late (31-120 days)
LOAN000224,51859,60 months,20.47,C,< 1 year,RENT,98307.01,Current
LOAN000225,27309,36 months,7.62,F,2 years,OWN,65763.32,Current
LOAN000226,88455,36 months,24.4,C,7 years,RENT,110208.48,Current
LOAN000227,64734,36 months,14.08,E,10+ years,RENT,69965.6,Fully Paid
LOAN000228,71467,60 months,9.72,D,7 years,OTHER,48337.96,Current
LOAN000229,53662,60 months,6.47,A,3 years,OWN,79242.57,Current
LOAN000230,99506,36 months,8.4,E,1 year,MORTGAGE,69088.44,Current
LOAN000231,13688,60 months,15.4,E,7 years,OTHER,45674.47,Current
LOAN000232,26342,36 months,11.74,F,7 years,OTHER,136550.3,Fully Paid
LOAN000233,38157,36 months,21.58,A,9 years,RENT,40867.05,Current
LOAN000234,68863,36 months,13.62,F,3 years,MORTGAGE,2711.34,Fully Paid
LOAN000235,53083,36 months,9.97,A,2 years,OWN,117450.97,Current
LOAN000236,66733,60 months,17.34,F,1 year,MORTGAGE,52493.1,Current
LOAN000237,90045,60 months,19.14,C,8 years,MORTGAGE,61096.8,Fully Paid
LOAN000238,35698,60 months,8.34,D,< 1 year,MORTGAGE,59262.82,Charged Off
LOAN000239,81623,36 months,8.35,D,6 years,MORTGAGE,52910.46,Fully Paid
LOAN000240,23671,36 months,5.73,A,4 years,MORTGAGE,47014.23,Current
LOAN000241,26184,36 months,19.73,B,7 years,RENT,40095.48,Current
LOAN000242,94384,60 months,18.28,G,3 years,RENT,71942.79,Late (31-120 days)
LOAN000243,43107,36 months,14.49,E,6 years,OTHER,57940.37,Current
LOAN000244,87202,60 months,21.88,E,4 years,RENT,91910.87,Current
LOAN000245,52663,60 months,21.11,A,4 years,OTHER,84480.82,Late (31-120 days)
LOAN000246,16708,60 months,16.71,F,8 years,OTHER,42174.63,Late (31-120 days)
LOAN000247,92906,60 months,22.37,B,8 years,OWN,73255.64,Charged Off
LOAN000248,50811,60 months,9.12,C,8 years,MORTGAGE,57464.85,Default
LOAN000249,3811,60 months,7.24,F,5 years,RENT,40250.19,Late (31-120 days)
LOAN000250,57250,36 months,10.39,F,5 years,OWN,90682.95,Current
LOAN000251,73082,36 months,6.14,A,4 years,RENT,66360.24,Current
LOAN000252,35754,60 months,15.62,A,8 years,OTHER,57773.5,Current
LOAN000253,96742,60 months,23.73,E,9 years,RENT,44332.98,Current
LOAN000254,12411,36 months,5.79,A,7 years,MORTGAGE,39161.9,Current
LOAN000255,3911,60 months,7.44,A,6 years,OTHER,129663.04,Current
LOAN000256,68270,60 months,14.04,A,6 years,OTHER,80023.56,Current
LOAN000257,84763,36 months,23.68,E,5 years,OWN,37266.13,Current
LOAN000258,9680,60 months,11.32,C,4 years,MORTGAGE,78635.98,Current
LOAN000259,85896,60 months,15.14,C,3 years,OTHER,101860.49,Current
LOAN000260,84879,60 months,5.83,G,2 years,MORTGAGE,75025.53,Current
LOAN000261,72295,36 months,7.97,G,2 years,RENT,111220.64,Fully Paid
LOAN000262,89614,36 months,24.73,A,5 years,MORTGAGE,23715.61,Current
LOAN000263,12111,36 months,24.3,G,3 years,OTHER,10260.34,Current
LOAN000264,38504,60 months,5.1,E,5 years,OWN,77815.52,Fully Paid
LOAN000265,2802,60 months,24.04,C,2 years,OTHER,78294.88,Current
LOAN000266,9155,36 months,17.78,F,3 years,MORTGAGE,-30185.01,Current
LOAN000267,74656,60 months,22.36,C,8 years,MORTGAGE,51292.72,Current
LOAN000268,40384,60 months,14.09,C,4 years,OTHER,39740.13,Current
LOAN000269,48254,60 months,15.31,E,6 years,MORTGAGE,28241.61,Default
LOAN000270,22918,60 months,14.78,G,9 years,RENT,39668.75,Current
LOAN000271,86981,60 months,18.34,F,1 year,OTHER,87873.63,Fully Paid
LOAN000272,61713,36 months,7.79,E,4 years,OWN,39477.85,Current
LOAN000273,31306,60 months,5.6,A,8 years,OTHER,40506.34,Current
LOAN000274,17646,36 months,11.16,D,10+ years,RENT,21435.84,Current
LOAN000275,47843,60 months,19.09,C,2 years,RENT,108067.29,Current
LOAN000276,97601,36 months,9.04,D,8 years,RENT,83038.97,Current
LOAN000277,91735,60 months,18.47,E,10+ years,RENT,-4770.69,Current
LOAN000278,17371,36 months,24.4,E,5 years,RENT,40532.8,Current
LOAN000279,78371,60 months,6.88,E,3 years,OWN,85855.54,Fully Paid
LOAN000280,3049,36 months,18.45,D,6 years,MORTGAGE,108441.78,Current
LOAN000281,32616,60 months,13.88,E,7 years,RENT,95225.16,Late (31-120 days)
LOAN000282,21932,36 months,22.36,A,5 years,RENT,59329.51,Fully Paid
LOAN000283,30855,60 months,8.54,E,4 years,OTHER,12058.69,Current
LOAN000284,62434,36 months,18.85,B,5 years,OWN,96107.47,Current
LOAN000285,73694,36 months,21.76,G,4 years,OWN,61093.09,Current
LOAN000286,44016,60 months,23.89,D,7 years,MORTGAGE,72065.86,Fully Paid
LOAN000287,8400,60 months,18.66,B,< 1 year,OWN,64677.39,Current
LOAN000288,43642,36 months,14.94,E,10+ years,OTHER,29334.12,Late (31-120 days)
LOAN000289,16151,60 months,17.36,A,6 years,OTHER,80927.51,Current
LOAN000290,52407,36 months,22.38,C,9 years,MORTGAGE,76793.77,Late (31-120 days)
LOAN000291,67690,36 months,16.41,F,9 years,OTHER,57226.33,Current
LOAN000292,5499,36 months,5.61,G,10+ years,RENT,84133.17,Late (31-120 days)
LOAN000293,7295,60 months,23.62,F,1 year,RENT,28780.01,Current
LOAN000294,60040,36 months,18.79,E,8 years,OTHER,61929.92,Current
LOAN000295,13183,36 months,18.53,G,< 1 year,MORTGAGE,70783.82,Current
LOAN000296,30299,60 months,9.31,G,10+ years,OWN,17952.17,Current
LOAN000297,13874,60 months,18.18,A,9 years,MORTGAGE,68287.1,Charged Off
LOAN000298,33711,60 months,12.88,G,5 years,OWN,92009.35,Current
LOAN000299,6539,60 months,18.02,D,8 years,OTHER,60903.07,Current
LOAN000300,54351,36 months,7.13,B,< 1 year,OTHER,68976.55,Current
LOAN000301,62267,36 months,18.16,B,3 years,RENT,86870.32,Current
LOAN000302,49354,36 months,24.99,B,3 years,OWN,58366.0,Current
LOAN000303,3557,36 months,5.96,D,8 years,MORTGAGE,61066.08,Fully Paid
LOAN000304,39360,60 months,24.54,F,10+ years,OTHER,34698.89,Current
LOAN000305,83018,36 months,13.14,A,4 years,MORTGAGE,69551.9,Default
LOAN000306,3200,36 months,22.42,G,4 years,RENT,59954.55,Current
LOAN000307,69497,60 months,20.65,D,5 years,OWN,84972.69,Current
LOAN000308,47975,36 months,16.34,B,< 1 year,OWN,86903.8,Fully Paid
LOAN000309,22357,36 months,19.77,E,< 1 year,OTHER,93736.27,Fully Paid
LOAN000310,78505,36 months,22.57,C,8 years,OWN,54752.19,Current
LOAN000311,3869,36 months,13.08,G,2 years,OTHER,4702.57,Fully Paid
LOAN000312,62135,36 months,11.54,D,3 years,RENT,92249.19,Current
LOAN000313,51108,36 months,18.35,D,< 1 year,OWN,82933.63,Current
LOAN000314,95179,60 months,21.16,A,8 years,OTHER,50941.25,Late (31-120 days)
LOAN000315,91272,60 months,20.25,A,7 years,MORTGAGE,86648.21,Current
LOAN000316,39467,36 months,20.96,D,1 year,OTHER,26542.31,Current
LOAN000317,24328,36 months,13.71,B,7 years,OWN,100907.21,Late (31-120 days)
LOAN000318,92412,60 months,21.36,C,6 years,RENT,59991.26,Charged Off
LOAN000319,87831,36 months,7.4,G,10+ years,OWN,45132.17,Current
LOAN000320,4987,36 months,15.89,A,5 years,OWN,51348.95,Current
LOAN000321,59871,36 months,5.12,G,< 1 year,OTHER,63055.45,Current
LOAN000322,23399,60 months,11.49,B,6 years,MORTGAGE,69639.64,Default
LOAN000323,47214,36 months,12.33,G,9 years,OWN,71448.41,Late (31-120 days)
LOAN000324,87416,60 months,12.92,E,6 years,MORTGAGE,57111.78,Current
LOAN000325,71271,36 months,18.91,A,8 years,OTHER,76007.19,Current
LOAN000326,45064,60 months,12.77,B,< 1 year,MORTGAGE,70248.38,Current
LOAN000327,71091,60 months,13.97,B,1 year,OTHER,50572.81,Fully Paid
LOAN000328,41818,36 months,9.75,C,10+ years,RENT,46054.28,Fully Paid
LOAN000329,46525,60 months,12.47,C,8 years,MORTGAGE,88250.97,Fully Paid
LOAN000330,20830,36 months,9.55,E,8 years,MORTGAGE,85729.78,Charged Off
LOAN000331,18429,60 months,6.46,B,5 years,RENT,71714.09,Current
LOAN000332,7893,36 months,17.07,F,5 years,MORTGAGE,97725.86,Current
LOAN000333,80909,36 months,18.36,B,3 years,RENT,11160.17,Current
LOAN000334,48333,60 months,17.39,C,3 years,OWN,53068.16,Current
LOAN000335,4436,36 months,14.27,F,4 years,OTHER,35310.49,Current
LOAN000336,75290,36 months,12.6,A,2 years,RENT,137688.17,Current
LOAN000337,77213,60 months,22.27,A,< 1 year,MORTGAGE,91396.59,Fully Paid
LOAN000338,6895,36 months,15.38,G,< 1 year,RENT,67628.14,Late (31-120 days)
LOAN000339,20738,36 months,14.58,D,6 years,MORTGAGE,93549.72,Current
LOAN000340,31746,60 months,5.51,C,< 1 year,OWN,103488.27,Current
LOAN000341,50377,60 months,11.82,D,< 1 year,RENT,103168.95,Current
LOAN000342,49404,36 months,12.6,F,2 years,OWN,97651.1,Fully Paid
LOAN000343,55045,36 months,12.98,C,9 years,OTHER,62123.79,Fully Paid
LOAN000344,98888,60 months,16.6,E,3 years,MORTGAGE,54959.04,Current
LOAN000345,40790,60 months,15.67,B,3 years,MORTGAGE,41134.32,Current
LOAN000346,6600,36 months,17.16,E,1 year,OWN,85073.42,Current
LOAN000347,95660,60 months,20.3,F,< 1 year,OTHER,65231.93,Current
LOAN000348,94179,36 months,21.26,C,2 years,RENT,57445.87,Current
LOAN000349,41764,36 months,19.36,F,10+ years,RENT,55880.16,Late (31-120 days)
LOAN000350,75543,36 months,24.11,B,3 years,MORTGAGE,113505.78,Late (31-120 days)
LOAN000351,46714,36 months,5.36,A,2 years,OWN,98580.41,Current
LOAN000352,57835,36 months,8.92,A,7 years,OWN,124911.82,Fully Paid
LOAN000353,74744,60 months,5.15,F,9 years,RENT,85870.49,Default
LOAN000354,57491,60 months,17.95,D,< 1 year,OTHER,71708.63,Current
LOAN000355,19589,60 months,22.96,C,1 year,OTHER,69237.93,Current
LOAN000356,44484,60 months,9.87,C,6 years,RENT,39390.95,Default
LOAN000357,83989,36 months,23.54,A,3 years,RENT,32157.43,Current
LOAN000358,37212,36 months,6.21,G,7 years,OWN,85220.23,Default
LOAN000359,44525,36 months,23.69,E,10+ years,OTHER,41959.64,Charged Off
LOAN000360,48202,36 months,12.03,G,2 years,RENT,76343.73,Fully Paid
LOAN000361,33635,60 months,7.03,B,5 years,RENT,103464.0,Late (31-120 days)
LOAN000362,64208,36 months,14.72,E,8 years,MORTGAGE,50036.38,Fully Paid
LOAN000363,34828,36 months,10.14,E,< 1 year,RENT,130314.45,Fully Paid
LOAN000364,19711,60 months,10.7,F,< 1 year,RENT,40279.15,Current
LOAN000365,4420,60 months,11.15,A,7 years,OTHER,99705.84,Current
LOAN000366,97752,60 months,21.06,G,2 years,OWN,82742.69,Current
LOAN000367,1301,60 months,15.78,G,4 years,OTHER,105822.86,Fully Paid
LOAN000368,46236,36 months,11.23,A,< 1 year,OWN,36514.07,Current
LOAN000369,67235,36 months,17.21,G,4 years,MORTGAGE,139210.63,Current
LOAN000370,55240,60 months,19.32,A,10+ years,RENT,64636.75,Current
LOAN000371,66726,36 months,10.45,F,5 years,MORTGAGE,90299.44,Fully Paid
LOAN000372,11492,36 months,13.27,D,7 years,OWN,113334.62,Charged Off
LOAN000373,7102,36 months,7.44,E,2 years,OTHER,51860.14,Charged Off
LOAN000374,51336,60 months,8.62,F,2 years,OTHER,94771.79,Current
LOAN000375,86314,36 months,18.62,C,10+ years,MORTGAGE,46855.91,Late (31-120 days)
LOAN000376,27641,60 months,8.63,B,10+ years,OWN,111908.85,Fully Paid
LOAN000377,35584,36 months,15.5,D,9 years,MORTGAGE,47194.58,Current
LOAN000378,33745,36 months,19.18,C,8 years,MORTGAGE,71155.21,Current
LOAN000379,24093,36 months,7.14,E,3 years,RENT,79183.62,Current
LOAN000380,67105,60 months,16.35,G,3 years,MORTGAGE,93528.99,Default
LOAN000381,52885,36 months,10.13,A,6 years,RENT,129054.29,Current
LOAN000382,37631,60 months,24.26,E,1 year,RENT,56440.93,Current
LOAN000383,73991,60 months,14.67,F,7 years,OTHER,104162.04,Fully Paid
LOAN000384,5014,60 months,21.12,B,5 years,RENT,129107.75,Current
LOAN000385,12093,36 months,16.0,F,2 years,RENT,74972.0,Current
LOAN000386,19070,36 months,5.87,D,8 years,OTHER,53496.02,Fully Paid
LOAN000387,36777,36 months,17.66,D,4 years,MORTGAGE,18098.99,Current
LOAN000388,57958,36 months,24.03,B,7 years,OWN,126498.27,Fully Paid
LOAN000389,83074,60 months,17.03,C,6 years,OWN,62666.67,Current
LOAN000390,11729,60 months,21.38,C,7 years,OWN,39959.25,Fully Paid
LOAN000391,46017,60 months,22.68,D,6 years,MORTGAGE,29250.1,Fully Paid
LOAN000392,67320,36 months,9.56,D,2 years,RENT,39903.57,Current
LOAN000393,28751,60 months,9.24,G,1 year,OWN,97591.16,Current
LOAN000394,79069,36 months,17.22,A,6 years,MORTGAGE,101736.06,Fully Paid
LOAN000395,55748,60 months,13.22,G,2 years,RENT,89563.66,Fully Paid
LOAN000396,6801,36 months,21.8,G,2 years,OTHER,73970.13,Fully Paid
LOAN000397,20190,36 months,23.0,C,1 year,OWN,32634.38,Late (31-120 days)
LOAN000398,50689,60 months,12.07,B,3 years,RENT,48101.77,Current
LOAN000399,51993,60 months,9.74,C,7 years,OWN,36801.42,Current
LOAN000400,30592,60 months,20.61,A,< 1 year,OWN,87184.63,Default
LOAN000401,11647,60 months,10.5,F,< 1 year,OWN,38100.63,Current
LOAN000402,9716,36 months,21.45,D,4 years,RENT,48572.62,Current
LOAN000403,89891,60 months,13.47,D,10+ years,MORTGAGE,64495.38,Current
LOAN000404,88545,60 months,18.35,A,4 years,RENT,19906.0,Current
LOAN000405,90912,60 months,6.91,G,10+ years,OWN,71403.14,Current
LOAN000406,71316,36 months,17.48,B,< 1 year,RENT,66785.41,Charged Off
LOAN000407,3368,36 months,14.04,D,5 years,OTHER,105526.27,Current
LOAN000408,78575,60 months,16.73,E,< 1 year,MORTGAGE,45404.03,Current
LOAN000409,7655,36 months,8.36,G,4 years,RENT,31024.13,Charged Off
LOAN000410,71031,60 months,19.74,D,8 years,OTHER,58778.21,Charged Off
LOAN000411,77429,36 months,22.26,E,4 years,MORTGAGE,37057.26,Current
LOAN000412,92083,36 months,9.33,A,5 years,OTHER,71174.64,Current
LOAN000413,88922,36 months,6.91,A,7 years,MORTGAGE,14201.95,Late (31-120 days)
LOAN000414,56766,36 months,5.47,G,10+ years,RENT,51839.64,Fully Paid
LOAN000415,14403,60 months,17.84,D,< 1 year,OTHER,42148.85,Fully Paid
LOAN000416,33097,60 months,17.14,C,1 year,OWN,87032.71,Late (31-120 days)
LOAN000417,79657,60 months,15.93,E,8 years,OTHER,45683.06,Fully Paid
LOAN000418,11966,36 months,9.64,B,2 years,MORTGAGE,17917.13,Current
LOAN000419,94848,60 months,12.82,D,5 years,RENT,63945.4,Fully Paid
LOAN000420,53921,60 months,16.89,B,4 years,MORTGAGE,79596.58,Current
LOAN000421,50726,60 months,14.94,D,10+ years,OTHER,61863.84,Fully Paid
LOAN000422,51300,36 months,24.76,C,1 year,OTHER,51660.32,Fully Paid
LOAN000423,23677,36 months,7.73,C,6 years,OWN,49853.14,Current
LOAN000424,56609,36 months,18.9,G,3 years,RENT,73388.44,Current
LOAN000425,97825,60 months,13.09,G,< 1 year,RENT,43316.54,Current
LOAN000426,57661,60 months,13.56,C,3 years,OTHER,60145.51,Current
LOAN000427,32024,60 months,19.35,F,5 years,RENT,92513.4,Fully Paid
LOAN000428,71313,36 months,18.85,C,6 years,OWN,30960.31,Current
LOAN000429,54006,36 months,24.83,A,6 years,MORTGAGE,68689.99,Fully Paid
LOAN000430,96285,60 months,7.57,A,6 years,RENT,16330.32,Current
LOAN000431,16338,36 months,7.08,F,2 years,OTHER,76837.89,Fully Paid
LOAN000432,69027,36 months,19.49,E,5 years,MORTGAGE,40635.72,Late (31-120 days)
LOAN000433,93772,36 months,16.57,B,7 years,MORTGAGE,100587.75,Fully Paid
LOAN000434,81135,36 months,10.48,D,3 years,OWN,25691.58,Current
LOAN000435,20508,60 months,6.59,D,7 years,OTHER,83262.37,Charged Off
LOAN000436,4051,36 months,6.71,F,1 year,RENT,106633.93,Current
LOAN000437,49747,36 months,22.88,A,9 years,OTHER,39079.32,Current
LOAN000438,88142,36 months,8.84,G,8 years,MORTGAGE,44143.45,Current
LOAN000439,88235,36 months,11.47,D,8 years,OTHER,41674.13,Current
LOAN000440,55021,60 months,9.53,A,7 years,RENT,55424.12,Charged Off
LOAN000441,67412,60 months,12.1,E,9 years,RENT,85522.65,Current
LOAN000442,59335,36 months,6.39,B,9 years,OWN,52974.85,Fully Paid
LOAN000443,57179,36 months,15.38,E,< 1 year,RENT,36371.25,Fully Paid
LOAN000444,33093,36 months,6.35,F,1 year,RENT,9437.39,Current
LOAN000445,70678,36 months,21.01,C,5 years,OTHER,118058.43,Fully Paid
LOAN000446,81738,36 months,9.67,C,9 years,OTHER,120414.87,Current
LOAN000447,40734,36 months,15.8,C,4 years,MORTGAGE,86807.11,Current
LOAN000448,73615,60 months,22.6,E,8 years,OWN,45688.49,Current
LOAN000449,74523,36 months,18.02,D,4 years,OTHER,92431.06,Default
LOAN000450,95476,60 months,15.66,B,1 year,RENT,98461.21,Charged Off
LOAN000451,18019,60 months,11.49,C,9 years,MORTGAGE,62372.56,Current
LOAN000452,84613,36 months,11.66,F,3 years,OTHER,71241.06,Current
LOAN000453,92794,60 months,18.39,F,8 years,OWN,106953.05,Fully Paid
LOAN000454,87672,60 months,24.88,C,< 1 year,OWN,20786.16,Current
LOAN000455,74847,60 months,18.24,C,10+ years,MORTGAGE,99952.68,Late (31-120 days)
LOAN000456,83750,60 months,16.16,B,< 1 year,MORTGAGE,60725.39,Current
LOAN000457,80634,60 months,19.61,C,6 years,MORTGAGE,36622.65,Current
LOAN000458,29251,60 months,14.3,B,10+ years,MORTGAGE,39090.81,Late (31-120 days)
LOAN000459,26945,36 months,6.2,F,2 years,MORTGAGE,44058.34,Current
LOAN000460,91852,60 months,16.25,C,9 years,RENT,33697.88,Default
LOAN000461,33217,60 months,24.15,E,1 year,RENT,123141.67,Default
LOAN000462,9308,60 months,8.51,G,8 years,OTHER,84736.09,Current
LOAN000463,6949,36 months,18.8,E,2 years,OWN,101934.48,Current
LOAN000464,52990,60 months,9.02,F,1 year,RENT,86871.05,Charged Off
LOAN000465,2150,36 months,15.72,B,7 years,RENT,71836.83,Default
LOAN000466,90480,60 months,6.93,E,9 years,RENT,72242.66,Current
LOAN000467,75740,36 months,14.01,B,5 years,OTHER,58074.62,Late (31-120 days)
LOAN000468,67617,36 months,20.12,E,5 years,MORTGAGE,60526.53,Current
LOAN000469,95841,60 months,11.95,E,9 years,OTHER,27756.9,Current
LOAN000470,17896,60 months,18.3,B,10+ years,OWN,102454.78,Late (31-120 days)
LOAN000471,47175,36 months,20.91,D,6 years,OWN,15603.0,Current
LOAN000472,8805,60 months,23.54,E,6 years,OWN,38241.68,Default
LOAN000473,6237,36 months,9.69,C,10+ years,OWN,130361.02,Current
LOAN000474,21056,36 months,12.99,G,5 years,RENT,74085.19,Fully Paid
LOAN000475,46543,36 months,8.05,F,3 years,RENT,75331.31,Current
LOAN000476,57556,36 months,24.85,D,10+ years,OTHER,89120.16,Current
LOAN000477,4343,36 months,23.54,B,8 years,MORTGAGE,23789.88,Fully Paid
LOAN000478,14500,60 months,15.8,D,5 years,OWN,28186.2,Current
LOAN000479,54222,36 months,21.84,A,3 years,OTHER,56653.17,Current
LOAN000480,30375,36 months,15.42,A,2 years,RENT,42899.17,Current
LOAN000481,10662,60 months,17.47,E,3 years,RENT,67751.32,Current
LOAN000482,17964,36 months,6.78,E,2 years,MORTGAGE,84566.48,Late (31-120 days)
LOAN000483,60638,60 months,20.11,C,1 year,MORTGAGE,111674.89,Current
LOAN000484,74666,60 months,7.55,G,4 years,MORTGAGE,94332.65,Current
LOAN000485,86067,60 months,21.52,F,1 year,OTHER,40171.7,Current
LOAN000486,68215,36 months,20.64,D,5 years,RENT,58751.08,Current
LOAN000487,70042,36 months,19.17,A,2 years,RENT,50591.64,Current
LOAN000488,14284,36 months,5.72,E,5 years,MORTGAGE,39503.17,Current
LOAN000489,73789,60 months,11.06,F,10+ years,OWN,32674.75,Current
LOAN000490,85664,36 months,10.26,D,9 years,MORTGAGE,119929.37,Fully Paid
LOAN000491,94468,60 months,12.2,E,8 years,OTHER,70319.27,Late (31-120 days)
LOAN000492,62389,36 months,6.75,E,< 1 year,MORTGAGE,63273.09,Current
LOAN000493,10435,60 months,23.74,A,5 years,MORTGAGE,84527.73,Current
LOAN000494,55340,36 months,16.08,A,8 years,OTHER,86012.38,Current
LOAN000495,45078,36 months,11.11,E,10+ years,MORTGAGE,103564.77,Current
LOAN000496,79832,36 months,12.94,B,3 years,RENT,47690.15,Current
LOAN000497,52293,60 months,13.94,E,10+ years,OWN,82081.67,Current
LOAN000498,96981,60 months,17.01,F,1 year,MORTGAGE,42664.78,Current
LOAN000499,79781,36 months,15.31,E,3 years,OTHER,64295.26,Current
LOAN000500,61403,36 months,23.39,C,< 1 year,OWN,71702.28,Current
LOAN000501,30124,60 months,14.94,G,2 years,OTHER,74634.52,Current
LOAN000502,96435,60 months,24.84,C,9 years,OWN,73309.63,Current
LOAN000503,44919,60 months,22.03,C,8 years,OWN,94054.93,Current
LOAN000504,36247,36 months,9.17,B,9 years,MORTGAGE,52090.35,Current
LOAN000505,95758,60 months,23.61,B,4 years,RENT,75450.23,Current
LOAN000506,92747,36 months,7.33,E,10+ years,MORTGAGE,47232.85,Current
LOAN000507,63752,60 months,21.35,C,5 years,OTHER,157622.58,Current
LOAN000508,57573,36 months,12.61,B,2 years,OTHER,42614.07,Current
LOAN000509,60101,60 months,22.56,A,4 years,OWN,48980.42,Current
LOAN000510,27646,60 months,22.36,E,10+ years,OWN,96479.44,Current
LOAN000511,24049,60 months,21.12,F,7 years,RENT,57116.05,Current
LOAN000512,80605,60 months,20.8,G,5 years,MORTGAGE,96491.38,Fully Paid
LOAN000513,99116,60 months,11.09,D,3 years,OTHER,74590.68,Current
LOAN000514,98379,36 months,6.62,E,1 year,OWN,57904.32,Current
LOAN000515,69385,60 months,13.06,D,8 years,RENT,47417.34,Late (31-120 days)
LOAN000516,41158,60 months,8.47,C,< 1 year,OTHER,46334.9,Current
LOAN000517,66417,60 months,18.9,G,< 1 year,OWN,58230.37,Current
LOAN000518,24289,36 months,11.92,D,3 years,OTHER,64768.11,Late (31-120 days)
LOAN000519,10823,60 months,24.51,C,6 years,RENT,45043.56,Late (31-120 days)
LOAN000520,61160,36 months,17.82,A,< 1 year,RENT,66723.03,Current
LOAN000521,42975,60 months,21.45,D,8 years,OTHER,37176.54,Current
LOAN000522,10540,60 months,7.65,G,3 years,MORTGAGE,92677.04,Current
LOAN000523,17364,36 months,22.24,E,2 years,OTHER,98420.87,Current
LOAN000524,5611,60 months,23.46,C,< 1 year,OWN,48870.24,Current
LOAN000525,28663,36 months,14.74,E,9 years,MORTGAGE,47194.81,Current
LOAN000526,52991,36 months,17.13,G,3 years,OWN,75337.5,Current
LOAN000527,58679,60 months,20.3,B,8 years,OTHER,107960.98,Default
LOAN000528,31977,36 months,8.5,C,9 years,MORTGAGE,114599.91,Charged Off
LOAN000529,95704,60 months,15.05,D,5 years,OWN,27917.72,Current
LOAN000530,50115,60 months,12.97,C,5 years,OTHER,100189.14,Fully Paid
LOAN000531,92007,36 months,7.93,E,< 1 year,OTHER,68153.4,Current
LOAN000532,89223,36 months,12.35,A,9 years,MORTGAGE,68734.31,Late (31-120 days)
LOAN000533,61890,36 months,6.36,C,1 year,OTHER,85141.37,Current
LOAN000534,67387,36 months,5.52,D,10+ years,RENT,55571.28,Current
LOAN000535,19071,60 months,7.7,B,5 years,OWN,102901.02,Current
LOAN000536,60275,60 months,24.26,F,1 year,OWN,112718.87,Current
LOAN000537,73369,36 months,15.99,A,2 years,OTHER,113838.53,Current
LOAN000538,12938,60 months,24.32,B,3 years,OTHER,14682.56,Fully Paid
LOAN000539,36195,60 months,13.65,C,10+ years,RENT,63110.28,Fully Paid
LOAN000540,92680,60 months,11.24,E,4 years,MORTGAGE,11943.08,Current
LOAN000541,5000,60 months,15.12,G,8 years,OTHER,47041.6,Current
LOAN000542,71588,36 months,13.79,E,3 years,OTHER,-1924.97,Current
LOAN000543,94610,36 months,7.11,D,10+ years,OTHER,83508.0,Late (31-120 days)
LOAN000544,98856,60 months,17.82,E,8 years,OTHER,76579.29,Default
LOAN000545,39304,36 months,9.32,A,10+ years,OWN,57021.97,Charged Off
LOAN000546,70449,36 months,17.39,E,9 years,OTHER,46265.56,Late (31-120 days)
LOAN000547,83986,36 months,18.0,D,2 years,OWN,79420.95,Current
LOAN000548,90643,60 months,8.04,F,7 years,OTHER,39657.34,Current
LOAN000549,21764,60 months,6.23,C,< 1 year,MORTGAGE,37616.14,Current
LOAN000550,87027,60 months,20.62,G,10+ years,RENT,33927.51,Default
LOAN000551,39494,36 months,14.2,C,8 years,MORTGAGE,63884.77,Current
LOAN000552,4373,60 months,6.16,E,8 years,OTHER,52530.77,Current
LOAN000553,13161,60 months,24.9,B,9 years,OTHER,58472.86,Late (31-120 days)
LOAN000554,98532,36 months,6.16,C,1 year,OTHER,85654.26,Current
LOAN000555,93658,60 months,18.9,F,3 years,MORTGAGE,98898.9,Current
LOAN000556,28350,60 months,24.67,E,7 years,OTHER,113514.42,Fully Paid
LOAN000557,94008,36 months,9.78,G,6 years,MORTGAGE,71804.11,Current
LOAN000558,95297,36 months,7.84,D,< 1 year,OWN,80427.67,Current
LOAN000559,26351,36 months,7.43,F,4 years,RENT,75665.39,Fully Paid
LOAN000560,89668,60 months,11.07,E,6 years,RENT,19774.43,Fully Paid
LOAN000561,16305,60 months,7.02,F,3 years,MORTGAGE,58909.09,Charged Off
LOAN000562,76353,60 months,18.84,C,< 1 year,OWN,59047.05,Current
LOAN000563,77797,36 months,6.25,G,8 years,MORTGAGE,54675.62,Current
LOAN000564,66953,36 months,15.19,D,4 years,OWN,68771.82,Fully Paid
LOAN000565,58458,60 months,24.93,E,10+ years,OTHER,63415.58,Current
LOAN000566,21358,60 months,21.28,A,1 year,OWN,40410.2,Current
LOAN000567,4267,36 months,17.3,D,7 years,OWN,65469.22,Fully Paid
LOAN000568,83745,36 months,11.13,A,10+ years,OWN,50828.49,Current
LOAN000569,90588,36 months,17.48,F,1 year,RENT,-8577.28,Current
LOAN000570,39513,36 months,15.54,B,2 years,OWN,28087.93,Current
LOAN000571,27092,60 months,13.52,D,9 years,OTHER,72667.43,Current
LOAN000572,12338,36 months,7.61,F,< 1 year,OTHER,102756.74,Current
LOAN000573,1412,60 months,22.73,A,10+ years,OTHER,-2816.1,Current
LOAN000574,8543,60 months,14.0,C,1 year,OWN,43888.25,Fully Paid
LOAN000575,34496,60 months,8.89,C,6 years,MORTGAGE,82943.62,Default
LOAN000576,61692,36 months,12.36,B,9 years,MORTGAGE,96345.86,Current
LOAN000577,90084,36 months,13.28,D,1 year,OTHER,57396.59,Current
LOAN000578,93920,36 months,21.55,D,5 years,RENT,49516.53,Current
LOAN000579,45425,36 months,19.67,D,2 years,MORTGAGE,106591.32,Current
LOAN000580,39756,60 months,20.39,F,3 years,OWN,93882.78,Fully Paid
LOAN000581,19888,36 months,5.22,G,10+ years,MORTGAGE,95758.55,Fully Paid
LOAN000582,36735,36 months,13.32,G,7 years,OTHER,55958.08,Fully Paid
LOAN000583,48295,60 months,14.63,B,2 years,RENT,103410.83,Current
LOAN000584,84042,36 months,5.38,D,9 years,MORTGAGE,11647.94,Current
LOAN000585,86999,60 months,10.2,F,5 years,MORTGAGE,103936.9,Current
LOAN000586,18955,60 months,20.21,C,< 1 year,OTHER,68004.04,Current
LOAN000587,38841,60 months,7.74,A,6 years,RENT,73868.03,Fully Paid
LOAN000588,71640,60 months,15.71,F,7 years,RENT,41642.42,Charged Off
LOAN000589,66510,60 months,9.3,G,10+ years,OTHER,15579.21,Current
LOAN000590,35911,60 months,5.24,G,7 years,OWN,73231.12,Fully Paid
LOAN000591,60031,60 months,9.82,C,2 years,MORTGAGE,86541.84,Current
LOAN000592,89726,60 months,24.52,C,9 years,OWN,91080.77,Current
LOAN000593,8357,36 months,21.03,A,< 1 year,MORTGAGE,87843.36,Current
LOAN000594,33479,36 months,24.19,C,8 years,MORTGAGE,81044.85,Current
LOAN000595,62476,36 months,14.76,B,5 years,OWN,42286.41,Current
LOAN000596,45811,36 months,7.19,A,10+ years,OTHER,93024.28,Fully Paid
LOAN000597,37208,60 months,15.96,C,8 years,OTHER,38931.33,Late (31-120 days)
LOAN000598,21150,36 months,14.09,E,6 years,MORTGAGE,103211.93,Current
LOAN000599,72180,60 months,21.89,F,< 1 year,OTHER,67480.54,Current
LOAN000600,44286,36 months,6.96,C,< 1 year,MORTGAGE,68478.72,Late (31-120 days)
LOAN000601,69450,36 months,14.76,B,5 years,OTHER,95977.8,Late (31-120 days)
LOAN000602,22352,36 months,8.0,D,4 years,MORTGAGE,100044.06,Fully Paid
LOAN000603,56069,60 months,11.49,C,8 years,OTHER,93119.16,Current
LOAN000604,15397,36 months,19.75,G,1 year,RENT,45386.26,Default
LOAN000605,42555,60 months,14.52,G,7 years,OWN,92880.09,Current
LOAN000606,47959,60 months,12.52,G,10+ years,RENT,45556.31,Fully Paid
LOAN000607,1728,36 months,12.89,D,4 years,OWN,93637.04,Current
LOAN000608,51517,36 months,14.19,G,1 year,OWN,27245.1,Fully Paid
LOAN000609,67234,36 months,20.7,E,9 years,MORTGAGE,67189.6,Current
LOAN000610,40954,60 months,22.84,C,10+ years,OWN,45373.27,Current
LOAN000611,48280,36 months,24.11,G,10+ years,RENT,96098.07,Current
LOAN000612,80459,60 months,20.74,A,5 years,RENT,103455.0,Current
LOAN000613,17779,60 months,11.31,D,9 years,OTHER,75969.9,Fully Paid
LOAN000614,64932,36 months,18.76,E,7 years,RENT,74983.27,Late (31-120 days)
LOAN000615,73936,36 months,13.75,A,3 years,OTHER,91125.31,Charged Off
LOAN000616,25466,60 months,10.09,A,1 year,OWN,103633.45,Current
LOAN000617,37939,60 months,21.82,A,10+ years,RENT,71119.34,Fully Paid
LOAN000618,70896,60 months,5.77,A,4 years,OWN,55009.74,Fully Paid
LOAN000619,36270,36 months,23.04,C,1 year,RENT,89418.02,Current
LOAN000620,60163,60 months,14.23,G,1 year,RENT,14238.18,Current
LOAN000621,83637,36 months,17.74,F,5 years,OTHER,97289.55,Fully Paid
LOAN000622,52934,60 months,18.19,C,10+ years,OWN,48694.39,Default
LOAN000623,65895,60 months,22.9,C,9 years,RENT,62793.16,Fully Paid
LOAN000624,33307,36 months,17.73,E,8 years,MORTGAGE,97481.54,Current
LOAN000625,55098,60 months,17.28,E,3 years,OWN,57534.71,Current
LOAN000626,61921,36 months,6.33,G,5 years,OWN,89422.27,Current
LOAN000627,6486,36 months,15.37,F,6 years,OWN,104167.26,Fully Paid
LOAN000628,9335,60 months,8.0,E,10+ years,OTHER,73300.99,Fully Paid
LOAN000629,87900,36 months,19.75,G,5 years,MORTGAGE,79343.44,Current
LOAN000630,90112,36 months,15.24,G,7 years,OWN,66416.92,Late (31-120 days)
LOAN000631,98203,60 months,18.6,B,3 years,RENT,73467.94,Current
LOAN000632,12130,36 months,5.83,F,< 1 year,RENT,36507.86,Charged Off
LOAN000633,88508,36 months,6.7,E,6 years,OTHER,61187.86,Current
LOAN000634,61566,36 months,19.33,F,2 years,RENT,31353.83,Current
LOAN000635,67703,60 months,6.44,C,5 years,OWN,43036.98,Current
LOAN000636,28192,36 months,6.43,C,1 year,RENT,9911.53,Current
LOAN000637,2062,60 months,5.24,F,8 years,OWN,77917.84,Current
LOAN000638,85076,60 months,24.13,B,< 1 year,RENT,120748.06,Current
LOAN000639,90780,36 months,19.75,B,5 years,MORTGAGE,56316.83,Current
LOAN000640,22545,36 months,12.07,F,5 years,OTHER,98954.01,Fully Paid
LOAN000641,22689,36 months,10.93,E,4 years,OTHER,103770.78,Current
LOAN000642,12174,60 months,11.99,D,4 years,MORTGAGE,34025.88,Current
LOAN000643,89461,36 months,20.49,B,< 1 year,MORTGAGE,40486.18,Current
LOAN000644,10348,36 months,18.23,A,9 years,OTHER,99723.94,Fully Paid
LOAN000645,24714,36 months,8.7,C,4 years,MORTGAGE,67229.76,Current
LOAN000646,39102,36 months,8.48,F,1 year,OWN,31276.33,Default
LOAN000647,75460,36 months,6.97,A,6 years,RENT,50894.21,Fully Paid
LOAN000648,90930,60 months,18.21,F,2 years,OTHER,82589.81,Current
LOAN000649,7801,60 months,20.29,G,3 years,MORTGAGE,46181.9,Current
LOAN000650,73267,36 months,10.3,C,2 years,OWN,-13236.11,Current
LOAN000651,49136,36 months,5.42,C,2 years,OTHER,60339.6,Current
LOAN000652,24625,36 months,6.64,B,3 years,MORTGAGE,62770.2,Late (31-120 days)
LOAN000653,83873,36 months,24.36,B,4 years,OTHER,70276.79,Default
LOAN000654,73592,60 months,10.91,A,< 1 year,MORTGAGE,107766.5,Current
LOAN000655,78052,36 months,20.38,G,3 years,OTHER,71605.68,Current
LOAN000656,45261,60 months,17.49,F,10+ years,OWN,77288.12,Fully Paid
LOAN000657,2542,60 months,12.64,G,7 years,OWN,101666.11,Fully Paid
LOAN000658,22677,36 months,9.11,C,9 years,RENT,70310.32,Current
LOAN000659,47732,60 months,7.43,A,6 years,OTHER,134095.62,Current
LOAN000660,51343,60 months,17.3,D,8 years,RENT,32088.75,Current
LOAN000661,40081,60 months,20.49,A,4 years,OTHER,41975.57,Late (31-120 days)
LOAN000662,63856,60 months,17.88,E,9 years,MORTGAGE,88418.75,Current
LOAN000663,94105,36 months,15.61,A,3 years,MORTGAGE,107629.41,Current
LOAN000664,89858,36 months,5.84,G,7 years,RENT,63976.15,Default
LOAN000665,20065,60 months,24.37,E,8 years,OTHER,39681.36,Fully Paid
LOAN000666,84460,36 months,20.97,E,6 years,RENT,122829.69,Late (31-120 days)
LOAN000667,89092,36 months,10.86,E,6 years,OWN,46228.93,Current
LOAN000668,55693,36 months,24.6,D,4 years,RENT,80171.63,Current
LOAN000669,27962,36 months,17.04,A,3 years,RENT,109424.55,Default
LOAN000670,29295,36 months,16.65,G,9 years,MORTGAGE,56751.84,Current
LOAN000671,14807,60 months,19.96,A,< 1 year,RENT,51336.16,Current
LOAN000672,43348,36 months,21.24,D,9 years,OTHER,53389.37,Current
LOAN000673,27432,36 months,18.13,C,9 years,MORTGAGE,97046.54,Current
LOAN000674,84285,36 months,7.56,B,6 years,RENT,101804.43,Current
LOAN000675,92792,36 months,11.77,G,< 1 year,OWN,71011.76,Late (31-120 days)
LOAN000676,58854,60 months,23.56,G,< 1 year,RENT,126492.47,Default
LOAN000677,41262,60 months,9.49,A,4 years,RENT,70959.0,Default
LOAN000678,38080,60 months,12.44,B,8 years,RENT,108770.0,Current
LOAN000679,2324,60 months,13.64,F,5 years,MORTGAGE,57039.95,Current
LOAN000680,92267,36 months,13.79,F,2 years,OTHER,140012.7,Current
LOAN000681,36909,60 months,17.26,D,2 years,OWN,117103.94,Late (31-120 days)
LOAN000682,90339,36 months,23.86,F,6 years,RENT,66160.76,Current
LOAN000683,20870,36 months,9.81,G,5 years,OTHER,113036.21,Fully Paid
LOAN000684,35578,36 months,7.43,F,8 years,OTHER,111519.41,Fully Paid
LOAN000685,73124,36 months,8.95,C,5 years,MORTGAGE,116591.23,Current
LOAN000686,27790,36 months,22.74,C,4 years,OWN,-4459.59,Current
LOAN000687,26289,60 months,17.92,C,9 years,MORTGAGE,91580.54,Charged Off
LOAN000688,56129,60 months,10.72,F,6 years,OTHER,86268.96,Charged Off
LOAN000689,94714,60 months,21.32,D,< 1 year,OTHER,84132.2,Current
LOAN000690,95246,60 months,22.23,E,6 years,OTHER,76550.39,Current
LOAN000691,16485,36 months,21.93,E,2 years,MORTGAGE,77434.34,Charged Off
LOAN000692,45482,60 months,23.38,B,8 years,OWN,108494.21,Current
LOAN000693,87188,36 months,10.04,E,5 years,RENT,86184.2,Current
LOAN000694,5748,60 months,20.1,E,8 years,MORTGAGE,76507.19,Current
LOAN000695,87769,36 months,14.21,C,4 years,OTHER,104181.43,Current
LOAN000696,10435,36 months,21.84,C,6 years,MORTGAGE,82540.79,Current
LOAN000697,4709,60 months,19.57,F,3 years,OTHER,85407.05,Current
LOAN000698,31355,36 months,20.53,B,6 years,RENT,126011.11,Current
LOAN000699,56771,36 months,18.12,A,< 1 year,RENT,56965.58,Current
LOAN000700,58799,60 months,8.55,G,6 years,OWN,24528.69,Charged Off
LOAN000701,14116,36 months,15.9,B,7 years,OTHER,72170.91,Late (31-120 days)
LOAN000702,26470,60 months,24.69,B,4 years,OWN,76436.3,Late (31-120 days)
LOAN000703,43344,60 months,23.75,D,1 year,OWN,91645.87,Fully Paid
LOAN000704,43918,60 months,5.86,F,4 years,RENT,73219.48,Current
LOAN000705,53224,36 months,8.3,D,5 years,MORTGAGE,92653.58,Current
LOAN000706,40298,36 months,7.63,B,1 year,MORTGAGE,145138.5,Default
LOAN000707,81219,36 months,19.52,B,5 years,OWN,94045.43,Current
LOAN000708,62629,60 months,21.36,B,5 years,RENT,99319.46,Current
LOAN000709,67040,36 months,9.27,E,< 1 year,OTHER,66114.06,Fully Paid
LOAN000710,29016,60 months,15.12,G,< 1 year,MORTGAGE,28442.29,Current
LOAN000711,24960,60 months,21.81,G,10+ years,OWN,1056.65,Current
LOAN000712,34591,36 months,19.66,D,9 years,MORTGAGE,54439.58,Charged Off
LOAN000713,83848,60 months,15.84,B,2 years,MORTGAGE,-7411.15,Late (31-120 days)
LOAN000714,68641,36 months,16.81,G,9 years,OTHER,85406.47,Current
LOAN000715,37395,36 months,15.17,C,9 years,RENT,58515.49,Charged Off
LOAN000716,23700,36 months,10.95,G,2 years,OTHER,30598.75,Fully Paid
LOAN000717,35620,36 months,16.3,F,3 years,RENT,73926.22,Fully Paid
LOAN000718,21559,36 months,18.78,F,1 year,MORTGAGE,47841.03,Current
LOAN000719,94045,60 months,22.47,G,8 years,OWN,83523.29,Current
LOAN000720,94396,60 months,17.73,C,9 years,OTHER,91228.79,Fully Paid
LOAN000721,62642,60 months,20.22,F,10+ years,RENT,48944.98,Late (31-120 days)
LOAN000722,77539,36 months,8.2,E,6 years,MORTGAGE,62881.56,Fully Paid
LOAN000723,22732,36 months,14.23,G,6 years,RENT,76446.87,Current
LOAN000724,92362,36 months,5.19,E,5 years,RENT,27788.73,Current
LOAN000725,31354,60 months,9.93,G,2 years,RENT,76444.23,Late (31-120 days)
LOAN000726,14843,36 months,19.53,A,5 years,MORTGAGE,27069.44,Current
LOAN000727,72726,60 months,24.84,A,7 years,OWN,86971.51,Current
LOAN000728,18640,60 months,6.98,A,7 years,OWN,56945.09,Current
LOAN000729,53528,36 months,13.03,F,10+ years,OWN,26903.72,Current
LOAN000730,39413,36 months,21.0,E,8 years,RENT,52600.79,Fully Paid
LOAN000731,53638,60 months,9.08,E,< 1 year,MORTGAGE,53869.76,Fully Paid
LOAN000732,53736,36 months,16.1,E,< 1 year,RENT,102055.63,Current
LOAN000733,69866,60 months,19.66,C,2 years,OWN,75199.14,Current
LOAN000734,20087,36 months,17.32,E,2 years,OWN,41311.68,Late (31-120 days)
LOAN000735,42430,36 months,8.76,C,9 years,MORTGAGE,119471.99,Current
LOAN000736,25504,60 months,12.11,A,7 years,RENT,88794.71,Current
LOAN000737,8114,36 months,20.68,A,9 years,OTHER,59910.33,Charged Off
LOAN000738,79859,60 months,16.08,F,< 1 year,OTHER,23384.97,Current
LOAN000739,11975,36 months,5.1,G,1 year,OWN,57262.19,Default
LOAN000740,12023,60 months,20.22,A,1 year,MORTGAGE,63384.61,Current
LOAN000741,22447,60 months,5.71,G,2 years,RENT,81070.97,Current
LOAN000742,91469,36 months,19.91,G,5 years,RENT,88217.7,Current
LOAN000743,24959,60 months,9.05,F,< 1 year,OWN,94197.46,Charged Off
LOAN000744,67203,36 months,24.16,B,1 year,OWN,21655.98,Current
LOAN000745,30703,36 months,12.36,B,< 1 year,RENT,76255.14,Current
LOAN000746,10337,36 months,11.54,D,4 years,RENT,65211.53,Charged Off
LOAN000747,47427,60 months,7.98,F,6 years,OWN,150339.32,Current
LOAN000748,62529,60 months,11.11,D,7 years,RENT,71940.83,Current
LOAN000749,85665,36 months,22.53,D,9 years,OTHER,51320.4,Current
LOAN000750,32921,36 months,24.93,B,< 1 year,OWN,73311.07,Fully Paid
LOAN000751,34307,60 months,12.37,F,6 years,RENT,69742.95,Current
LOAN000752,28355,36 months,13.97,B,4 years,OWN,10328.82,Current
LOAN000753,5835,36 months,19.44,D,9 years,MORTGAGE,82249.13,Current
LOAN000754,21159,60 months,22.72,F,< 1 year,OWN,60683.26,Current
LOAN000755,48605,36 months,16.86,D,2 years,OWN,69199.26,Charged Off
LOAN000756,39088,60 months,12.83,E,6 years,MORTGAGE,43792.94,Default
LOAN000757,79752,36 months,13.25,G,9 years,OTHER,37182.57,Fully Paid
LOAN000758,56284,60 months,18.91,F,< 1 year,RENT,96366.47,Late (31-120 days)
LOAN000759,58043,36 months,5.06,F,6 years,MORTGAGE,103253.7,Fully Paid
LOAN000760,36547,36 months,17.39,G,4 years,OWN,82542.96,Current
LOAN000761,98007,60 months,12.11,D,< 1 year,RENT,15676.07,Fully Paid
LOAN000762,83844,36 months,20.88,E,< 1 year,MORTGAGE,84491.9,Current
LOAN000763,28532,60 months,6.86,C,< 1 year,RENT,16121.9,Current
LOAN000764,35349,36 months,16.76,G,10+ years,RENT,50164.73,Late (31-120 days)
LOAN000765,46445,60 months,14.62,B,8 years,MORTGAGE,95966.75,Current
LOAN000766,6713,60 months,17.85,D,10+ years,RENT,89727.95,Late (31-120 days)
LOAN000767,57178,60 months,6.3,G,2 years,OTHER,83709.02,Current
LOAN000768,50407,60 months,16.6,G,4 years,MORTGAGE,109387.08,Fully Paid
LOAN000769,71340,36 months,16.23,F,10+ years,OTHER,86800.45,Current
LOAN000770,51990,36 months,16.21,B,9 years,OWN,9429.42,Fully Paid
LOAN000771,76672,60 months,17.07,B,8 years,RENT,58914.07,Fully Paid
LOAN000772,66545,60 months,18.53,B,5 years,OWN,68751.75,Current
LOAN000773,85791,60 months,21.1,G,8 years,OWN,65237.75,Current
LOAN000774,59141,36 months,10.4,C,7 years,RENT,51485.94,Current
LOAN000775,24793,36 months,21.5,A,7 years,MORTGAGE,39095.32,Current
LOAN000776,57570,36 months,14.97,D,< 1 year,RENT,142022.35,Fully Paid
LOAN000777,96084,36 months,6.54,A,8 years,OWN,58337.66,Default
LOAN000778,38892,60 months,6.17,G,5 years,OWN,140548.06,Current
LOAN000779,2015,60 months,11.68,A,8 years,MORTGAGE,35761.29,Fully Paid
LOAN000780,62813,60 months,20.7,G,2 years,RENT,89711.8,Late (31-120 days)
LOAN000781,28712,36 months,19.15,A,2 years,OWN,76889.24,Current
LOAN000782,9415,36 months,20.77,B,5 years,OTHER,42341.51,Fully Paid
LOAN000783,63292,36 months,15.35,E,8 years,OWN,55973.29,Late (31-120 days)
LOAN000784,24833,60 months,13.8,B,6 years,OWN,69546.1,Current
LOAN000785,5158,60 months,7.95,B,2 years,MORTGAGE,44676.5,Current
LOAN000786,63680,36 months,11.56,F,2 years,OTHER,62315.78,Current
LOAN000787,21309,60 months,13.68,F,1 year,OWN,-947.07,Charged Off
LOAN000788,7970,36 months,6.77,A,8 years,OWN,91345.48,Default
LOAN000789,73474,36 months,9.41,G,2 years,OTHER,106814.55,Fully Paid
LOAN000790,87704,60 months,16.96,B,10+ years,RENT,83630.91,Current
LOAN000791,47540,36 months,19.71,A,4 years,RENT,137927.74,Current
LOAN000792,21384,60 months,24.97,F,8 years,OWN,90462.89,Current
LOAN000793,19017,36 months,23.66,E,7 years,OWN,104284.29,Current
LOAN000794,76880,60 months,17.85,D,1 year,RENT,107150.88,Fully Paid
LOAN000795,9702,60 months,13.42,A,2 years,MORTGAGE,-12530.4,Charged Off
LOAN000796,1384,60 months,17.72,E,1 year,OTHER,82710.2,Default
LOAN000797,1404,36 months,20.71,D,7 years,OTHER,28511.95,Fully Paid
LOAN000798,41943,36 months,7.37,C,5 years,MORTGAGE,34572.9,Current
LOAN000799,48926,60 months,13.2,A,5 years,MORTGAGE,39790.8,Current
LOAN000800,30189,60 months,21.8,A,8 years,MORTGAGE,60618.53,Current
LOAN000801,13763,36 months,12.68,C,7 years,MORTGAGE,89513.8,Fully Paid
LOAN000802,19384,36 months,16.44,C,3 years,MORTGAGE,83019.69,Late (31-120 days)
LOAN000803,61100,36 months,16.76,A,3 years,MORTGAGE,69622.56,Current
LOAN000804,99142,60 months,8.69,C,8 years,OTHER,91680.5,Current
LOAN000805,10860,36 months,12.24,B,< 1 year,MORTGAGE,93504.59,Current
LOAN000806,81642,36 months,11.69,D,1 year,RENT,83278.73,Current
LOAN000807,51612,60 months,5.52,D,1 year,MORTGAGE,18264.86,Current
LOAN000808,24574,36 months,5.48,D,5 years,MORTGAGE,47820.02,Current
LOAN000809,24524,36 months,21.63,B,3 years,OTHER,70789.84,Current
LOAN000810,70172,36 months,10.46,G,10+ years,OTHER,92003.59,Late (31-120 days)
LOAN000811,11916,60 months,15.36,C,9 years,MORTGAGE,30142.61,Current
LOAN000812,5809,60 months,10.97,E,2 years,OTHER,69659.64,Current
LOAN000813,33201,60 months,23.81,C,2 years,OWN,23031.27,Current
LOAN000814,54330,60 months,10.19,A,2 years,OTHER,100777.54,Current
LOAN000815,14456,60 months,13.59,F,5 years,OTHER,77270.42,Current
LOAN000816,57397,60 months,22.45,D,7 years,OTHER,29615.92,Current
LOAN000817,39765,60 months,21.84,C,10+ years,OTHER,29418.14,Current
LOAN000818,35816,36 months,8.72,E,6 years,RENT,81622.96,Current
LOAN000819,46106,36 months,21.05,A,3 years,RENT,111243.97,Fully Paid
LOAN000820,54932,60 months,14.16,B,10+ years,RENT,37096.42,Current
LOAN000821,18100,36 months,14.66,G,3 years,MORTGAGE,93598.12,Late (31-120 days)
LOAN000822,58091,36 months,7.67,B,10+ years,MORTGAGE,53732.87,Current
LOAN000823,22949,60 months,6.61,E,9 years,OWN,94695.82,Current
LOAN000824,71080,36 months,19.56,A,10+ years,RENT,90495.73,Current
LOAN000825,38744,36 months,14.93,D,10+ years,MORTGAGE,74659.0,Current
LOAN000826,46543,36 months,13.74,C,10+ years,OTHER,14968.26,Default
LOAN000827,93193,36 months,19.59,A,1 year,OTHER,90435.57,Fully Paid
LOAN000828,37187,36 months,20.31,G,< 1 year,RENT,85060.58,Default
LOAN000829,8239,60 months,8.18,B,8 years,OWN,82312.89,Default
LOAN000830,15489,60 months,17.2,G,1 year,OWN,75870.22,Fully Paid
LOAN000831,59017,60 months,7.71,G,7 years,OTHER,43636.39,Current
LOAN000832,62877,36 months,20.03,E,8 years,OWN,102488.88,Current
LOAN000833,44125,60 months,18.14,E,3 years,RENT,96944.19,Charged Off
LOAN000834,50922,36 months,24.13,C,7 years,OTHER,37737.32,Fully Paid
LOAN000835,95074,36 months,6.38,E,8 years,MORTGAGE,109428.85,Current
LOAN000836,33049,36 months,6.14,E,9 years,MORTGAGE,73950.08,Fully Paid
LOAN000837,38131,36 months,10.64,A,9 years,OWN,73874.11,Current
LOAN000838,43944,60 months,10.23,D,4 years,OTHER,64709.34,Current
LOAN000839,74963,60 months,9.94,C,6 years,OTHER,67660.2,Current
LOAN000840,25285,36 months,23.13,A,9 years,MORTGAGE,111126.98,Fully Paid
LOAN000841,38626,60 months,9.99,D,3 years,OTHER,100992.25,Late (31-120 days)
LOAN000842,43808,36 months,10.44,G,< 1 year,OTHER,100355.41,Current
LOAN000843,89464,60 months,20.19,A,2 years,OTHER,75536.93,Current
LOAN000844,54871,60 months,13.99,F,4 years,OWN,96675.15,Current
LOAN000845,20198,36 months,20.53,A,2 years,OTHER,44970.61,Fully Paid
LOAN000846,20758,60 months,6.31,E,10+ years,RENT,87503.29,Current
LOAN000847,16254,36 months,14.75,D,6 years,OWN,65395.36,Current
LOAN000848,45238,60 months,5.67,C,8 years,OTHER,8205.85,Current
LOAN000849,2252,36 months,6.25,C,5 years,OTHER,22416.95,Current
LOAN000850,40764,36 months,23.13,D,9 years,RENT,50110.64,Current
LOAN000851,78709,60 months,7.78,E,< 1 year,OWN,82454.62,Fully Paid
LOAN000852,38441,60 months,15.65,B,6 years,MORTGAGE,50137.61,Current
LOAN000853,93234,36 months,13.22,A,2 years,MORTGAGE,52266.5,Fully Paid
LOAN000854,54682,60 months,11.95,E,4 years,OWN,92897.83,Current
LOAN000855,60494,60 months,23.0,F,9 years,OTHER,53349.64,Current
LOAN000856,82317,36 months,5.44,G,3 years,OTHER,109924.22,Current
LOAN000857,66215,36 months,18.28,D,9 years,MORTGAGE,104953.71,Fully Paid
LOAN000858,79587,60 months,24.27,A,4 years,MORTGAGE,70656.44,Default
LOAN000859,7949,36 months,16.2,C,4 years,MORTGAGE,92603.84,Default
LOAN000860,56393,36 months,23.74,G,5 years,RENT,88517.21,Current
LOAN000861,74553,36 months,6.05,B,9 years,MORTGAGE,62630.04,Current
LOAN000862,7941,60 months,13.38,F,9 years,RENT,95849.04,Late (31-120 days)
LOAN000863,26934,60 months,10.2,C,10+ years,OWN,100267.06,Fully Paid
LOAN000864,24386,36 months,19.62,D,5 years,OTHER,41426.94,Current
LOAN000865,62886,60 months,24.63,A,7 years,MORTGAGE,74606.46,Late (31-120 days)
LOAN000866,76745,36 months,10.13,D,7 years,OTHER,74275.11,Current
LOAN000867,84251,60 months,18.08,G,10+ years,OTHER,95488.58,Current
LOAN000868,95456,36 months,8.96,A,8 years,MORTGAGE,56684.25,Current
LOAN000869,54413,36 months,16.31,E,7 years,MORTGAGE,52067.19,Current
LOAN000870,57800,60 months,14.28,B,10+ years,OWN,75069.99,Current
LOAN000871,98239,36 months,24.44,E,1 year,RENT,105440.78,Current
LOAN000872,43318,60 months,17.17,E,9 years,RENT,34018.69,Current
LOAN000873,71173,60 months,11.99,D,10+ years,OTHER,39255.82,Current
LOAN000874,71390,36 months,7.28,G,< 1 year,MORTGAGE,54384.85,Current
LOAN000875,53329,36 months,8.02,B,9 years,OWN,59722.69,Fully Paid
LOAN000876,44088,60 months,9.51,A,1 year,OWN,17032.52,Current
LOAN000877,40811,36 months,10.02,A,1 year,OWN,114945.86,Current
LOAN000878,56479,36 months,22.01,F,2 years,OWN,66090.8,Current
LOAN000879,86392,36 months,16.22,C,9 years,OWN,61596.86,Default
LOAN000880,88369,36 months,15.47,F,6 years,RENT,118679.13,Current
LOAN000881,20963,36 months,7.3,F,1 year,RENT,91533.8,Current
LOAN000882,56123,60 months,22.2,A,< 1 year,RENT,53937.34,Current
LOAN000883,93705,60 months,19.46,D,5 years,MORTGAGE,74938.24,Fully Paid
LOAN000884,74477,36 months,6.35,E,8 years,OTHER,68747.89,Current
LOAN000885,15388,36 months,19.16,G,2 years,OWN,113450.53,Current
LOAN000886,6569,36 months,15.87,E,5 years,MORTGAGE,64977.27,Current
LOAN000887,70836,60 months,6.63,E,2 years,OWN,26738.21,Current
LOAN000888,37586,36 months,14.17,B,< 1 year,RENT,13683.28,Late (31-120 days)
LOAN000889,13015,60 months,14.69,A,4 years,MORTGAGE,114254.84,Late (31-120 days)
LOAN000890,46002,60 months,8.32,G,9 years,RENT,46341.56,Fully Paid
LOAN000891,7254,60 months,23.91,D,10+ years,OWN,90106.35,Fully Paid
LOAN000892,18144,36 months,22.0,B,3 years,OWN,72152.9,Current
LOAN000893,25214,60 months,18.38,C,6 years,OTHER,57500.36,Current
LOAN000894,81719,36 months,14.25,D,5 years,OWN,62204.58,Fully Paid
LOAN000895,72774,60 months,13.24,F,9 years,RENT,117501.34,Current
LOAN000896,7090,36 months,18.02,D,6 years,OWN,26558.1,Late (31-120 days)
LOAN000897,12637,60 months,15.91,D,4 years,OTHER,58406.34,Current
LOAN000898,23415,36 months,6.25,E,3 years,OTHER,97196.97,Current
LOAN000899,25071,60 months,15.25,D,6 years,RENT,31505.65,Fully Paid
LOAN000900,59243,36 months,21.13,F,6 years,MORTGAGE,109518.48,Fully Paid
LOAN000901,42240,36 months,14.18,F,5 years,OWN,96767.49,Fully Paid
LOAN000902,84807,36 months,6.04,A,7 years,OTHER,78153.87,Current
LOAN000903,34434,36 months,20.73,D,3 years,OWN,54905.29,Late (31-120 days)
LOAN000904,70724,60 months,9.03,E,9 years,OWN,27653.02,Current
LOAN000905,76697,60 months,10.17,D,4 years,MORTGAGE,91211.38,Current
LOAN000906,29732,36 months,8.29,C,3 years,OTHER,152459.35,Charged Off
LOAN000907,12314,60 months,11.6,C,< 1 year,OWN,74376.78,Fully Paid
LOAN000908,24954,36 months,20.14,E,7 years,OTHER,15218.64,Current
LOAN000909,58108,36 months,15.39,A,< 1 year,RENT,83725.49,Fully Paid
LOAN000910,88044,60 months,9.1,A,4 years,RENT,95807.89,Current
LOAN000911,88505,36 months,22.56,F,5 years,OWN,42464.43,Current
LOAN000912,37668,36 months,22.59,F,5 years,OTHER,50634.64,Current
LOAN000913,24061,60 months,22.41,B,4 years,OWN,47578.65,Charged Off
LOAN000914,80252,36 months,9.78,E,2 years,OTHER,54059.08,Current
LOAN000915,40749,36 months,14.02,D,4 years,OTHER,64835.11,Fully Paid
LOAN000916,17907,36 months,24.7,G,7 years,MORTGAGE,44172.97,Current
LOAN000917,19777,36 months,20.44,E,1 year,MORTGAGE,32924.87,Fully Paid
LOAN000918,94229,60 months,5.54,B,5 years,MORTGAGE,75231.26,Current
LOAN000919,52745,60 months,6.3,F,8 years,OWN,64520.14,Fully Paid
LOAN000920,92865,60 months,14.28,E,7 years,MORTGAGE,56912.75,Current
LOAN000921,82818,36 months,23.18,E,10+ years,MORTGAGE,72495.69,Fully Paid
LOAN000922,24624,36 months,15.77,F,7 years,RENT,24394.73,Charged Off
LOAN000923,24321,60 months,14.96,B,7 years,OTHER,77896.09,Fully Paid
LOAN000924,11488,36 months,7.11,F,6 years,OTHER,57529.35,Current
LOAN000925,23574,36 months,18.14,A,7 years,MORTGAGE,77184.68,Default
LOAN000926,6240,36 months,21.44,D,5 years,OTHER,81989.47,Current
LOAN000927,44221,36 months,12.61,F,1 year,RENT,103934.54,Fully Paid
LOAN000928,11478,60 months,20.51,B,1 year,RENT,73088.63,Late (31-120 days)
LOAN000929,56645,60 months,24.29,C,7 years,MORTGAGE,102001.56,Current
LOAN000930,20262,60 months,9.08,A,10+ years,RENT,60342.61,Current
LOAN000931,53796,36 months,15.47,C,< 1 year,OTHER,61774.67,Current
LOAN000932,5432,60 months,10.74,G,5 years,OWN,67272.15,Current
LOAN000933,96257,60 months,20.86,F,5 years,OTHER,93223.75,Fully Paid
LOAN000934,65291,36 months,16.55,A,10+ years,OWN,88928.77,Current
LOAN000935,80104,36 months,17.69,D,3 years,MORTGAGE,74052.16,Current
LOAN000936,60399,60 months,20.96,F,10+ years,OWN,33167.94,Current
LOAN000937,80714,60 months,12.92,D,10+ years,RENT,88391.78,Current
LOAN000938,51428,60 months,23.3,E,9 years,OTHER,44157.86,Current
LOAN000939,88731,60 months,15.66,C,2 years,OWN,42523.08,Late (31-120 days)
LOAN000940,1302,36 months,8.16,A,10+ years,OTHER,35845.45,Current
LOAN000941,83558,60 months,18.92,D,2 years,MORTGAGE,67504.94,Late (31-120 days)
LOAN000942,1055,60 months,20.87,B,< 1 year,MORTGAGE,106351.73,Current
LOAN000943,9717,36 months,11.34,D,2 years,RENT,41039.18,Current
LOAN000944,29699,60 months,22.14,B,3 years,MORTGAGE,120357.28,Fully Paid
LOAN000945,74686,36 months,23.12,F,10+ years,OWN,97294.31,Current
LOAN000946,68661,36 months,10.54,A,10+ years,MORTGAGE,26061.94,Current
LOAN000947,45247,36 months,24.67,D,4 years,RENT,58516.74,Current
LOAN000948,17748,60 months,7.81,G,2 years,OTHER,38792.49,Current
LOAN000949,5621,60 months,9.04,D,5 years,OTHER,89948.66,Current
LOAN000950,16034,36 months,8.68,G,10+ years,MORTGAGE,40355.1,Current
LOAN000951,6126,60 months,22.88,A,4 years,OWN,21366.42,Current
LOAN000952,6122,60 months,18.09,D,2 years,RENT,60228.23,Current
LOAN000953,19030,36 months,8.04,B,5 years,OWN,105081.82,Current
LOAN000954,83838,36 months,13.81,D,5 years,RENT,64224.51,Current
LOAN000955,85717,60 months,17.31,C,7 years,MORTGAGE,81953.32,Current
LOAN000956,56658,36 months,6.67,F,1 year,RENT,83116.93,Current
LOAN000957,39638,60 months,22.65,E,< 1 year,RENT,24631.73,Charged Off
LOAN000958,68067,60 months,21.07,B,3 years,MORTGAGE,43018.78,Current
LOAN000959,89869,60 months,15.1,C,6 years,OWN,70193.93,Fully Paid
LOAN000960,35674,60 months,24.34,G,10+ years,MORTGAGE,53279.35,Current
LOAN000961,36854,36 months,13.36,F,9 years,RENT,121133.64,Default
LOAN000962,47271,36 months,24.68,A,2 years,MORTGAGE,33150.33,Current
LOAN000963,74688,36 months,18.36,B,2 years,RENT,42722.2,Charged Off
LOAN000964,39518,36 months,17.69,E,4 years,MORTGAGE,78716.33,Fully Paid
LOAN000965,11267,60 months,8.32,F,4 years,OTHER,51163.2,Current
LOAN000966,91825,60 months,22.64,G,9 years,OTHER,-16754.98,Late (31-120 days)
LOAN000967,2062,36 months,13.55,E,2 years,MORTGAGE,128040.44,Current
LOAN000968,51448,60 months,8.24,A,8 years,OWN,37770.84,Current
LOAN000969,96462,60 months,5.25,A,3 years,RENT,86826.78,Fully Paid
LOAN000970,7229,60 months,16.2,G,2 years,OTHER,32398.26,Default
LOAN000971,57793,36 months,15.55,B,10+ years,OWN,44108.95,Current
LOAN000972,48915,36 months,19.39,G,1 year,RENT,21312.01,Current
LOAN000973,5632,36 months,22.81,D,9 years,OTHER,47764.2,Fully Paid
LOAN000974,4596,60 months,6.59,A,10+ years,OTHER,50671.55,Fully Paid
LOAN000975,7168,36 months,19.63,F,8 years,MORTGAGE,66023.03,Late (31-120 days)
LOAN000976,8561,36 months,8.75,D,3 years,RENT,58822.93,Fully Paid
LOAN000977,74794,36 months,22.16,C,2 years,OWN,26754.41,Current
LOAN000978,83152,36 months,21.38,E,6 years,OWN,54283.01,Default
LOAN000979,27734,36 months,15.82,D,7 years,OWN,113410.32,Current
LOAN000980,7371,36 months,19.2,E,10+ years,RENT,109851.72,Current
LOAN000981,27069,60 months,11.29,G,1 year,OWN,83670.61,Current
LOAN000982,80905,60 months,14.42,D,6 years,OWN,89892.98,Current
LOAN000983,13910,36 months,21.43,G,4 years,OWN,131824.68,Current
LOAN000984,74479,36 months,14.19,C,10+ years,MORTGAGE,87137.43,Fully Paid
LOAN000985,78735,60 months,12.16,A,4 years,MORTGAGE,89325.7,Current
LOAN000986,82264,60 months,14.88,C,2 years,RENT,23062.51,Current
LOAN000987,24275,36 months,21.56,A,4 years,RENT,36621.08,Late (31-120 days)
LOAN000988,73274,36 months,11.7,G,1 year,OWN,69019.29,Current
LOAN000989,82449,36 months,8.48,A,3 years,MORTGAGE,45776.73,Current
LOAN000990,61004,36 months,19.24,E,5 years,OTHER,40061.34,Current
LOAN000991,63981,60 months,21.52,F,< 1 year,OTHER,43526.23,Charged Off
LOAN000992,85659,36 months,7.01,C,9 years,OWN,27292.88,Current
LOAN000993,55553,36 months,9.8,D,3 years,OWN,46258.47,Current
LOAN000994,49447,36 months,7.84,C,5 years,MORTGAGE,80183.07,Current
LOAN000995,35529,36 months,11.96,E,8 years,MORTGAGE,123889.72,Current
LOAN000996,76703,60 months,14.01,A,10+ years,MORTGAGE,93909.47,Current
LOAN000997,77090,60 months,19.98,E,10+ years,RENT,89084.66,Current
LOAN000998,18260,60 months,18.02,B,1 year,RENT,21294.0,Current
LOAN000999,4812,36 months,17.42,B,10+ years,OWN,73578.9,Charged Off
LOAN001000,29024,36 months,12.05,D,6 years,RENT,67991.2,Current
